kode,nama,url
111,"Pertanian serealia (bukan padi), aneka kacang dan biji-bijian penghasil minyak",https://klasifikasi.web.bps.go.id/app/view/kbli2020/0111
112,Pertanian Padi,https://klasifikasi.web.bps.go.id/app/view/kbli2020/0112
113,"Pertanian sayuran, buah dan aneka umbi",https://klasifikasi.web.bps.go.id/app/view/kbli2020/0113
114,Perkebunan tebu,https://klasifikasi.web.bps.go.id/app/view/kbli2020/0114
115,Perkebunan tembakau,https://klasifikasi.web.bps.go.id/app/view/kbli2020/0115
116,Pertanian tanaman berserat,https://klasifikasi.web.bps.go.id/app/view/kbli2020/0116
119,Pertanian tanaman semusim lainnya,https://klasifikasi.web.bps.go.id/app/view/kbli2020/0119
121,Pertanian Buah Anggur,https://klasifikasi.web.bps.go.id/app/view/kbli2020/0121
122,Pertanian Buah-Buahan Tropis dan Subtropis,https://klasifikasi.web.bps.go.id/app/view/kbli2020/0122
123,Pertanian Buah Jeruk,https://klasifikasi.web.bps.go.id/app/view/kbli2020/0123
124,Pertanian Buah Apel dan Buah Batu (Pome and Stone Fruits),https://klasifikasi.web.bps.go.id/app/view/kbli2020/0124
125,Pertanian Sayuran dan Buah Semak dan Buah Biji Kacang-Kacangan Lainnya,https://klasifikasi.web.bps.go.id/app/view/kbli2020/0125
126,Perkebunan buah-buahan penghasil minyak (oleaginous),https://klasifikasi.web.bps.go.id/app/view/kbli2020/0126
127,Pertanian Tanaman Untuk Bahan Minuman,https://klasifikasi.web.bps.go.id/app/view/kbli2020/0127
128,"Perkebunan tanaman rempah-rempah, aromatik/penyegar, narkotik dan obat",https://klasifikasi.web.bps.go.id/app/view/kbli2020/0128
129,Perkebunan tanaman tahunan lainnya,https://klasifikasi.web.bps.go.id/app/view/kbli2020/0129
130,Pertanian Tanaman Hias Dan Pengembangbiakan Tanaman,https://klasifikasi.web.bps.go.id/app/view/kbli2020/0130
141,Peternakan sapi dan kerbau,https://klasifikasi.web.bps.go.id/app/view/kbli2020/0141
142,Peternakan kuda dan sejenisnya,https://klasifikasi.web.bps.go.id/app/view/kbli2020/0142
143,Peternakan unta dan sejenisnya,https://klasifikasi.web.bps.go.id/app/view/kbli2020/0143
144,Peternakan domba dan kambing,https://klasifikasi.web.bps.go.id/app/view/kbli2020/0144
145,Peternakan babi,https://klasifikasi.web.bps.go.id/app/view/kbli2020/0145
146,Peternakan unggas,https://klasifikasi.web.bps.go.id/app/view/kbli2020/0146
149,Peternakan lainnya,https://klasifikasi.web.bps.go.id/app/view/kbli2020/0149
161,Jasa penunjang pertanian,https://klasifikasi.web.bps.go.id/app/view/kbli2020/0161
162,Jasa penunjang peternakan,https://klasifikasi.web.bps.go.id/app/view/kbli2020/0162
163,Jasa pasca panen,https://klasifikasi.web.bps.go.id/app/view/kbli2020/0163
164,Pemilihan benih tanaman untuk pengembangbiakan,https://klasifikasi.web.bps.go.id/app/view/kbli2020/0164
171,Perburuan dan penangkapan satwa liar,https://klasifikasi.web.bps.go.id/app/view/kbli2020/0171
172,Penangkaran Tumbuhan/Satwa Liar,https://klasifikasi.web.bps.go.id/app/view/kbli2020/0172
211,Pemanfaatan Hutan Tanaman,https://klasifikasi.web.bps.go.id/app/view/kbli2020/0211
212,Pemanfaatan Hutan Alam,https://klasifikasi.web.bps.go.id/app/view/kbli2020/0212
213,Pemanfaatan Hasil Hutan Bukan Kayu,https://klasifikasi.web.bps.go.id/app/view/kbli2020/0213
214,Pengusahaan Perbenihan Tanaman Kehutanan,https://klasifikasi.web.bps.go.id/app/view/kbli2020/0214
220,Pemanenan dan Pemungutan Kayu,https://klasifikasi.web.bps.go.id/app/view/kbli2020/0220
230,Pemungutan hasil hutan bukan kayu,https://klasifikasi.web.bps.go.id/app/view/kbli2020/0230
240,Jasa penunjang kehutanan,https://klasifikasi.web.bps.go.id/app/view/kbli2020/0240
311,Penangkapan ikan di laut,https://klasifikasi.web.bps.go.id/app/view/kbli2020/0311
312,Penangkapan Ikan Di Perairan Darat,https://klasifikasi.web.bps.go.id/app/view/kbli2020/0312
313,Jasa Penangkapan Ikan Di laut,https://klasifikasi.web.bps.go.id/app/view/kbli2020/0313
314,Jasa Â penangkapan ikan di perairan darat,https://klasifikasi.web.bps.go.id/app/view/kbli2020/0314
315,Penangkapan/Pengambilan Jenis Ikan yang Dilindungi dan/atau Termasuk Dalam Appendiks CITES,https://klasifikasi.web.bps.go.id/app/view/kbli2020/0315
321,Budidaya ikan laut,https://klasifikasi.web.bps.go.id/app/view/kbli2020/0321
322,Budidaya Ikan Air Tawar,https://klasifikasi.web.bps.go.id/app/view/kbli2020/0322
323,Jasa Budidaya Ikan Laut,https://klasifikasi.web.bps.go.id/app/view/kbli2020/0323
324,Jasa Budidaya Ikan Air tawar,https://klasifikasi.web.bps.go.id/app/view/kbli2020/0324
325,Budidaya Ikan Air Payau,https://klasifikasi.web.bps.go.id/app/view/kbli2020/0325
326,Jasa Budidaya Ikan Air Payau,https://klasifikasi.web.bps.go.id/app/view/kbli2020/0326
327,Pengembangbiakan Jenis Ikan yang Dilindungi dan/atau Termasuk dalam Appendiks CITES,https://klasifikasi.web.bps.go.id/app/view/kbli2020/0327
510,Pertambangan Batu Bara,https://klasifikasi.web.bps.go.id/app/view/kbli2020/0510
520,Pertambangan lignit,https://klasifikasi.web.bps.go.id/app/view/kbli2020/0520
610,Pertambangan minyak bumi,https://klasifikasi.web.bps.go.id/app/view/kbli2020/0610
620,Pertambangan gas alam dan pengusahaan tenaga panas bumi,https://klasifikasi.web.bps.go.id/app/view/kbli2020/0620
710,Pertambangan pasir besi dan bijih besi,https://klasifikasi.web.bps.go.id/app/view/kbli2020/0710
721,Pertambangan bijih uranium dan torium,https://klasifikasi.web.bps.go.id/app/view/kbli2020/0721
729,"Pertambangan bijih logam lainnya yang tidak mengandung besi, tidak termasuk bijih logam mulia",https://klasifikasi.web.bps.go.id/app/view/kbli2020/0729
730,Pertambangan bijih logam mulia,https://klasifikasi.web.bps.go.id/app/view/kbli2020/0730
810,"Penggalian batu, pasir dan tanah liat",https://klasifikasi.web.bps.go.id/app/view/kbli2020/0810
891,"Pertambangan mineral, bahan kimia dan bahan pupuk",https://klasifikasi.web.bps.go.id/app/view/kbli2020/0891
892,Ekstraksi tanah gemuk (peat),https://klasifikasi.web.bps.go.id/app/view/kbli2020/0892
893,Ekstraksi garam,https://klasifikasi.web.bps.go.id/app/view/kbli2020/0893
899,Pertambangan dan penggalian lainnya ytdl,https://klasifikasi.web.bps.go.id/app/view/kbli2020/0899
910,Aktivitas Penunjang pertambangan minyak bumi dan gas alam,https://klasifikasi.web.bps.go.id/app/view/kbli2020/0910
990,Aktivitas Penunjang pertambangan dan penggalian lainnya,https://klasifikasi.web.bps.go.id/app/view/kbli2020/0990
1011,Kegiatan Rumah Potong dan Pengepakan Daging Bukan Unggas,https://klasifikasi.web.bps.go.id/app/view/kbli2020/1011
1012,Kegiatan Rumah Potong dan Pengepakan Daging Unggas,https://klasifikasi.web.bps.go.id/app/view/kbli2020/1012
1013,Industri Pengolahan dan Pengawetan Produk Daging dan Daging Unggas,https://klasifikasi.web.bps.go.id/app/view/kbli2020/1013
1021,Industri Pengolahan dan Pengawetan Ikan dan Produk Ikan,https://klasifikasi.web.bps.go.id/app/view/kbli2020/1021
1022,Industri Pengolahan dan Pengawetan Ikan dan biota air Dalam Kaleng,https://klasifikasi.web.bps.go.id/app/view/kbli2020/1022
1029,Industri Pengolahan dan Pengawetan Biota Air Lainnya,https://klasifikasi.web.bps.go.id/app/view/kbli2020/1029
1031,"Industri Pengolahan dan Pengawetan Buah-buahan dan Sayuran dengan cara diasinkan, dilumatkan, dikeringkan dan dibekukan",https://klasifikasi.web.bps.go.id/app/view/kbli2020/1031
1032,Industri Pengolahan dan Pengawetan Buah-buahan dan Sayuran Dalam Kaleng,https://klasifikasi.web.bps.go.id/app/view/kbli2020/1032
1033,Industri Pengolahan Sari Buah dan Sayuran,https://klasifikasi.web.bps.go.id/app/view/kbli2020/1033
1039,Industri Pengolahan dan Pengawetan Lainnya Buah-buahan dan Sayuran,https://klasifikasi.web.bps.go.id/app/view/kbli2020/1039
1041,Industri Minyak dan Lemak Nabati dan Hewani (Bukan Kelapa dan Kelapa Sawit),https://klasifikasi.web.bps.go.id/app/view/kbli2020/1041
1042,"Industri Kopra, Minyak Mentah dan Minyak Goreng Kelapa, dan Pelet Kelapa",https://klasifikasi.web.bps.go.id/app/view/kbli2020/1042
1043,Industri Minyak Mentah/Murni Kelapa Sawit (Crude Palm Oil) Dan Minyak Goreng Kelapa Sawit,https://klasifikasi.web.bps.go.id/app/view/kbli2020/1043
1049,Industri Minyak Mentah dan Lemak Nabati dan Hewani Lainnya,https://klasifikasi.web.bps.go.id/app/view/kbli2020/1049
1051,Industri Pengolahan Susu Segar dan Krim,https://klasifikasi.web.bps.go.id/app/view/kbli2020/1051
1052,Industri Pengolahan Susu Bubuk dan Susu Kental,https://klasifikasi.web.bps.go.id/app/view/kbli2020/1052
1053,Industri Pengolahan Es Krim dan Sejenisnya,https://klasifikasi.web.bps.go.id/app/view/kbli2020/1053
1059,Industri Pengolahan Produk dari Susu Lainnya,https://klasifikasi.web.bps.go.id/app/view/kbli2020/1059
1061,Industri Penggilingan Serelia dan Biji-bijian Lainnya (Bukan Beras dan Jagung),https://klasifikasi.web.bps.go.id/app/view/kbli2020/1061
1062,Industri Pati dan Produk Pati (Bukan Beras dan Jagung),https://klasifikasi.web.bps.go.id/app/view/kbli2020/1062
1063,Industri Penggilingan Beras dan Jagung dan Industri Tepung Beras dan Jagung,https://klasifikasi.web.bps.go.id/app/view/kbli2020/1063
1071,Industri Produk Roti dan Kue,https://klasifikasi.web.bps.go.id/app/view/kbli2020/1071
1072,Industri Gula,https://klasifikasi.web.bps.go.id/app/view/kbli2020/1072
1073,"Industri Kakao, Cokelat dan Kembang gula",https://klasifikasi.web.bps.go.id/app/view/kbli2020/1073
1074,"Industri Makaroni, Mie dan Produk Sejenisnya",https://klasifikasi.web.bps.go.id/app/view/kbli2020/1074
1075,Industri Makanan dan Masakan Olahan,https://klasifikasi.web.bps.go.id/app/view/kbli2020/1075
1076,"Industri Pengolahan Kopi, Teh dan Herbal (Herb infusion)",https://klasifikasi.web.bps.go.id/app/view/kbli2020/1076
1077,Industri Bumbu-bumbuan dan Produk Masak Lainnya,https://klasifikasi.web.bps.go.id/app/view/kbli2020/1077
1079,Industri Produk Makanan Lainnya,https://klasifikasi.web.bps.go.id/app/view/kbli2020/1079
1080,Industri Makanan Hewan,https://klasifikasi.web.bps.go.id/app/view/kbli2020/1080
1101,Industri Minuman Beralkohol Hasil Destilasi,https://klasifikasi.web.bps.go.id/app/view/kbli2020/1101
1102,"Industri Minuman Beralkohol Hasil Fermentasi Anggur dan Hasil Pertanian Lainnya
",https://klasifikasi.web.bps.go.id/app/view/kbli2020/1102
1103,"Industri Minuman Beralkohol Hasil Fermentasi Malt dan Industri Malt
",https://klasifikasi.web.bps.go.id/app/view/kbli2020/1103
1104,Industri Minuman Ringan,https://klasifikasi.web.bps.go.id/app/view/kbli2020/1104
1105,Industri Air Kemasan dan Air Minum Isi Ulang,https://klasifikasi.web.bps.go.id/app/view/kbli2020/1105
1109,Industri Minuman Lainnya,https://klasifikasi.web.bps.go.id/app/view/kbli2020/1109
1201,Industri Rokok dan Produk Tembakau Lainnya,https://klasifikasi.web.bps.go.id/app/view/kbli2020/1201
1209,Industri Pengolahan Tembakau Lainnya,https://klasifikasi.web.bps.go.id/app/view/kbli2020/1209
1311,Industri Persiapan dan Pemintalan Serat Tekstil,https://klasifikasi.web.bps.go.id/app/view/kbli2020/1311
1312,Industri Pertenunan Tekstil,https://klasifikasi.web.bps.go.id/app/view/kbli2020/1312
1313,Industri Penyempurnaan Tekstil,https://klasifikasi.web.bps.go.id/app/view/kbli2020/1313
1391,Industri Kain Rajutan dan Sulaman,https://klasifikasi.web.bps.go.id/app/view/kbli2020/1391
1392,"Industri Pembuatan Barang Tekstil, Bukan Pakaian Jadi",https://klasifikasi.web.bps.go.id/app/view/kbli2020/1392
1393,Industri Karpet dan Permadani,https://klasifikasi.web.bps.go.id/app/view/kbli2020/1393
1394,Industri Tali Dan Barang Dari Tali,https://klasifikasi.web.bps.go.id/app/view/kbli2020/1394
1399,Industri Tekstil Lainnya Ytdl,https://klasifikasi.web.bps.go.id/app/view/kbli2020/1399
1411,Industri Pakaian Jadi (Bukan Penjahitan dan Pembuatan Pakaian),https://klasifikasi.web.bps.go.id/app/view/kbli2020/1411
1412,Penjahitan dan Pembuatan Pakaian Sesuai Pesanan,https://klasifikasi.web.bps.go.id/app/view/kbli2020/1412
1413,Industri Perlengkapan Pakaian yang Utamanya Terbuat dari Tekstil,https://klasifikasi.web.bps.go.id/app/view/kbli2020/1413
1420,Industri pakaian jadi dan barang dari kulit berbulu,https://klasifikasi.web.bps.go.id/app/view/kbli2020/1420
1430,Industri pakaian jadi rajutan dan sulaman/bordir,https://klasifikasi.web.bps.go.id/app/view/kbli2020/1430
1511,"Industri Kulit dan Kulit Komposisi, Termasuk Pencelupan Kulit Berbulu",https://klasifikasi.web.bps.go.id/app/view/kbli2020/1511
1512,"Industri Barang dari Kulit dan Kulit Komposisi, Koper, Tas Tangan dan Sejenisnya, Pelana dan Alat Pengekang (Harness)",https://klasifikasi.web.bps.go.id/app/view/kbli2020/1512
1520,Industri Alas Kaki,https://klasifikasi.web.bps.go.id/app/view/kbli2020/1520
1610,"Industri Penggergajian dan Pengawetan Kayu, Rotan, Bambu dan Sejenisnya",https://klasifikasi.web.bps.go.id/app/view/kbli2020/1610
1621,"Industri Veneer, Kayu Lapis, Kayu Laminasi dan sejenisnya",https://klasifikasi.web.bps.go.id/app/view/kbli2020/1621
1622,Industri Barang Bangunan Dari Kayu,https://klasifikasi.web.bps.go.id/app/view/kbli2020/1622
1623,Industri Wadah dari Kayu,https://klasifikasi.web.bps.go.id/app/view/kbli2020/1623
1629,"Industri Barang Lainnya dari Kayu; Industri Barang dari Gabus dan Barang Anyaman dari Jerami, Rotan, Bambu dan Sejenisnya",https://klasifikasi.web.bps.go.id/app/view/kbli2020/1629
1701,"Industri Bubur Kertas, Kertas dan Papan Kertas",https://klasifikasi.web.bps.go.id/app/view/kbli2020/1701
1702,Industri Kertas dan Papan Kertas Bergelombang dan Wadah Dari Kertas dan Papan Kertas,https://klasifikasi.web.bps.go.id/app/view/kbli2020/1702
1709,Industri Barang dari Kertas dan Papan Kertas Lainnya,https://klasifikasi.web.bps.go.id/app/view/kbli2020/1709
1811,Industri Pencetakan,https://klasifikasi.web.bps.go.id/app/view/kbli2020/1811
1812,Kegiatan Jasa Penunjang Pencetakan,https://klasifikasi.web.bps.go.id/app/view/kbli2020/1812
1820,Reproduksi Media Rekaman,https://klasifikasi.web.bps.go.id/app/view/kbli2020/1820
1910,Industri produk dari batu bara,https://klasifikasi.web.bps.go.id/app/view/kbli2020/1910
1921,Industri Bahan Bakar dan Minyak Pelumas Hasil Pengilangan Minyak Bumi,https://klasifikasi.web.bps.go.id/app/view/kbli2020/1921
1929,Industri Produk Pengilangan Minyak Bumi Lainnya,https://klasifikasi.web.bps.go.id/app/view/kbli2020/1929
2011,Industri Kimia Dasar,https://klasifikasi.web.bps.go.id/app/view/kbli2020/2011
2012,Industri Pupuk dan Bahan Senyawa Nitrogen,https://klasifikasi.web.bps.go.id/app/view/kbli2020/2012
2013,Industri Plastik dan Karet Buatan dalam Bentuk Dasar,https://klasifikasi.web.bps.go.id/app/view/kbli2020/2013
2021,Industri Pestisida dan Produk Agrokimia Lainnya,https://klasifikasi.web.bps.go.id/app/view/kbli2020/2021
2022,"Industri Cat dan Tinta Cetak, Pernis dan Bahan Pelapisan Sejenisnya dan Lak",https://klasifikasi.web.bps.go.id/app/view/kbli2020/2022
2023,"Industri Sabun dan Deterjen, Bahan Pembersih dan Pengilap, Parfum dan Kosmetik",https://klasifikasi.web.bps.go.id/app/view/kbli2020/2023
2029,Industri Barang Kimia Lainnya Ytdl,https://klasifikasi.web.bps.go.id/app/view/kbli2020/2029
2030,Industri Serat Buatan,https://klasifikasi.web.bps.go.id/app/view/kbli2020/2030
2101,Industri Farmasi Dan Produk Obat Kimia,https://klasifikasi.web.bps.go.id/app/view/kbli2020/2101
2102,Industri Obat Tradisional,https://klasifikasi.web.bps.go.id/app/view/kbli2020/2102
2211,Industri Ban dan Vulkanisir Ban,https://klasifikasi.web.bps.go.id/app/view/kbli2020/2211
2212,"Industri Pengasapan, Remilling dan Karet Remah",https://klasifikasi.web.bps.go.id/app/view/kbli2020/2212
2219,Industri Barang dari Karet Lainnya,https://klasifikasi.web.bps.go.id/app/view/kbli2020/2219
2221,Industri Barang dari Plastik untuk Bangunan,https://klasifikasi.web.bps.go.id/app/view/kbli2020/2221
2222,Industri Barang dari Plastik untuk Pengemasan,https://klasifikasi.web.bps.go.id/app/view/kbli2020/2222
2223,Industri Pipa Plastik dan Perlengkapannya,https://klasifikasi.web.bps.go.id/app/view/kbli2020/2223
2229,Industri Barang dari Plastik Lainnya,https://klasifikasi.web.bps.go.id/app/view/kbli2020/2229
2311,Industri Kaca,https://klasifikasi.web.bps.go.id/app/view/kbli2020/2311
2312,Industri Barang dari Kaca,https://klasifikasi.web.bps.go.id/app/view/kbli2020/2312
2391,Industri Barang Refraktori (Tahan Api),https://klasifikasi.web.bps.go.id/app/view/kbli2020/2391
2392,Industri Bahan Bangunan dari Tanah Liat/Keramik,https://klasifikasi.web.bps.go.id/app/view/kbli2020/2392
2393,Industri Barang Tanah Liat/Keramik dan Porselen Bukan Bahan Bangunan,https://klasifikasi.web.bps.go.id/app/view/kbli2020/2393
2394,"Industri Semen, Kapur dan Gips",https://klasifikasi.web.bps.go.id/app/view/kbli2020/2394
2395,"Industri Barang dari Semen, Kapur, Gips dan Asbes",https://klasifikasi.web.bps.go.id/app/view/kbli2020/2395
2396,Industri Barang dari Batu,https://klasifikasi.web.bps.go.id/app/view/kbli2020/2396
2399,Industri Barang Galian Bukan Logam Lainnya Ytdl,https://klasifikasi.web.bps.go.id/app/view/kbli2020/2399
2410,Industri Logam Dasar Besi dan Baja,https://klasifikasi.web.bps.go.id/app/view/kbli2020/2410
2420,Industri logam dasar mulia dan logam dasar bukan besi lainnya,https://klasifikasi.web.bps.go.id/app/view/kbli2020/2420
2431,Industri Pengecoran Besi dan Baja,https://klasifikasi.web.bps.go.id/app/view/kbli2020/2431
2432,Industri Pengecoran Logam Bukan Besi dan Baja,https://klasifikasi.web.bps.go.id/app/view/kbli2020/2432
2511,Industri Barang Logam Siap Pasang untuk Bangunan,https://klasifikasi.web.bps.go.id/app/view/kbli2020/2511
2512,"Industri Tangki, Tandon Air dan Wadah dari Logam",https://klasifikasi.web.bps.go.id/app/view/kbli2020/2512
2513,"Industri Generator Uap, Bukan Ketel Pemanas",https://klasifikasi.web.bps.go.id/app/view/kbli2020/2513
2520,Industri Senjata dan Amunisi,https://klasifikasi.web.bps.go.id/app/view/kbli2020/2520
2591,"Industri Penempaan, Pengepresan, Pencetakan dan Pembentukan Logam; Metalurgi Bubuk",https://klasifikasi.web.bps.go.id/app/view/kbli2020/2591
2592,Jasa Industri Untuk Berbagai Pengerjaan Khusus Logam dan Barang Dari logam,https://klasifikasi.web.bps.go.id/app/view/kbli2020/2592
2593,"Industri Alat Potong, Perkakas Tangan dan Peralatan Umum",https://klasifikasi.web.bps.go.id/app/view/kbli2020/2593
2594,"Industri Ember, Kaleng, Drum dan Wadah Sejenis Dari Logam",https://klasifikasi.web.bps.go.id/app/view/kbli2020/2594
2595,"Industri Barang dari Kawat dan Paku, Mur dan Baut, Bukan Kabel Logam",https://klasifikasi.web.bps.go.id/app/view/kbli2020/2595
2599,Industri Barang Logam Lainnya Ytdl,https://klasifikasi.web.bps.go.id/app/view/kbli2020/2599
2611,Industri Tabung Elektron dan Konektor Elektronik,https://klasifikasi.web.bps.go.id/app/view/kbli2020/2611
2612,Industri Semi Konduktor dan Komponen Elektronik Lainnya,https://klasifikasi.web.bps.go.id/app/view/kbli2020/2612
2621,Industri  Komputer dan/atau Perakitan Komputer,https://klasifikasi.web.bps.go.id/app/view/kbli2020/2621
2622,Industri Perlengkapan Komputer,https://klasifikasi.web.bps.go.id/app/view/kbli2020/2622
2631,Industri Peralatan Telepon dan Faksimili,https://klasifikasi.web.bps.go.id/app/view/kbli2020/2631
2632,Industri Peralatan Komunikasi Tanpa Kabel (Wireless),https://klasifikasi.web.bps.go.id/app/view/kbli2020/2632
2639,Industri Peralatan Komunikasi Lainnya,https://klasifikasi.web.bps.go.id/app/view/kbli2020/2639
2641,Industri Televisi dan/atau Perakitan Televisi,https://klasifikasi.web.bps.go.id/app/view/kbli2020/2641
2642,"Industri Peralatan Perekam, Penerima dan Pengganda Audio dan Video, Bukan Industri Televisi",https://klasifikasi.web.bps.go.id/app/view/kbli2020/2642
2649,Industri Peralatan Audio dan Video Elektronik Lainnya,https://klasifikasi.web.bps.go.id/app/view/kbli2020/2649
2651,"Industri Alat Ukur, Alat Uji, Peralatan Navigasi dan Kontrol",https://klasifikasi.web.bps.go.id/app/view/kbli2020/2651
2652,Industri Alat Ukur Waktu,https://klasifikasi.web.bps.go.id/app/view/kbli2020/2652
2660,"Industri Peralatan Iradiasi, Elektromedikal dan Elektroterapi",https://klasifikasi.web.bps.go.id/app/view/kbli2020/2660
2671,Industri Peralatan Fotografi,https://klasifikasi.web.bps.go.id/app/view/kbli2020/2671
2679,Industri Peralatan Fotografi dan Instrumen Optik Lainnya,https://klasifikasi.web.bps.go.id/app/view/kbli2020/2679
2680,Industri Media Magnetik dan Media Optik,https://klasifikasi.web.bps.go.id/app/view/kbli2020/2680
2711,"Industri Motor Listrik, Generator dan Transformator",https://klasifikasi.web.bps.go.id/app/view/kbli2020/2711
2712,Industri Peralatan Pengontrol dan Pendistribusian Listrik,https://klasifikasi.web.bps.go.id/app/view/kbli2020/2712
2720,Industri batu baterai dan akumulator listrik,https://klasifikasi.web.bps.go.id/app/view/kbli2020/2720
2731,Industri Kabel Serat Optik,https://klasifikasi.web.bps.go.id/app/view/kbli2020/2731
2732,Industri Kabel Listrik dan Elektronik Lainnya,https://klasifikasi.web.bps.go.id/app/view/kbli2020/2732
2733,Industri Perlengkapan Kabel,https://klasifikasi.web.bps.go.id/app/view/kbli2020/2733
2740,Industri Peralatan Penerangan Listrik (Termasuk Peralatan Penerangan Bukan Listrik),https://klasifikasi.web.bps.go.id/app/view/kbli2020/2740
2751,Industri Peralatan Listrik Rumah Tangga,https://klasifikasi.web.bps.go.id/app/view/kbli2020/2751
2752,Industri Peralatan Elektrotermal Rumah Tangga,https://klasifikasi.web.bps.go.id/app/view/kbli2020/2752
2753,Industri Peralatan Pemanas dan Masak Bukan Listrik Rumah Tangga,https://klasifikasi.web.bps.go.id/app/view/kbli2020/2753
2790,Industri Peralatan Listrik Lainnya,https://klasifikasi.web.bps.go.id/app/view/kbli2020/2790
2811,"Industri Mesin dan Turbin, Bukan Mesin Pesawat Terbang dan Kendaraan Bermotor",https://klasifikasi.web.bps.go.id/app/view/kbli2020/2811
2812,Industri Peralatan Tenaga Zat Cair dan Gas,https://klasifikasi.web.bps.go.id/app/view/kbli2020/2812
2813,"Industri Pompa Lainnya, Kompresor, Kran dan Klep/katup",https://klasifikasi.web.bps.go.id/app/view/kbli2020/2813
2814,"Industri Bearing, Roda Gigi dan Elemen Penggerak Mesin",https://klasifikasi.web.bps.go.id/app/view/kbli2020/2814
2815,"Industri Oven, Perapian dan Tungku Pembakar",https://klasifikasi.web.bps.go.id/app/view/kbli2020/2815
2816,Industri Alat Pengangkat dan Pemindah,https://klasifikasi.web.bps.go.id/app/view/kbli2020/2816
2817,Industri Mesin dan Peralatan Kantor (Bukan Komputer dan Peralatan Perlengkapannya),https://klasifikasi.web.bps.go.id/app/view/kbli2020/2817
2818,Industri Perkakas Tangan yang Digerakkan Tenaga,https://klasifikasi.web.bps.go.id/app/view/kbli2020/2818
2819,Industri Mesin Untuk Keperluan Umum Lainnya,https://klasifikasi.web.bps.go.id/app/view/kbli2020/2819
2821,Industri Mesin Pertanian dan Kehutanan,https://klasifikasi.web.bps.go.id/app/view/kbli2020/2821
2822,"Industri Mesin dan Perkakas Mesin Untuk Pengerjaan Logam, Kayu Dan Bahan Lainnya",https://klasifikasi.web.bps.go.id/app/view/kbli2020/2822
2823,Industri Mesin Metalurgi,https://klasifikasi.web.bps.go.id/app/view/kbli2020/2823
2824,"Industri Mesin Penambangan, Penggalian dan Konstruksi",https://klasifikasi.web.bps.go.id/app/view/kbli2020/2824
2825,"Industri Mesin Pengolahan Makanan, Minuman dan Tembakau",https://klasifikasi.web.bps.go.id/app/view/kbli2020/2825
2826,"Industri Mesin Tekstil, Pakaian Jadi dan Produk Kulit",https://klasifikasi.web.bps.go.id/app/view/kbli2020/2826
2829,Industri Mesin Keperluan Khusus Lainnya,https://klasifikasi.web.bps.go.id/app/view/kbli2020/2829
2910,Industri Kendaraan Bermotor Roda Empat atau Lebih,https://klasifikasi.web.bps.go.id/app/view/kbli2020/2910
2920,Industri Karoseri Kendaraan Bermotor Roda Empat atau Lebih dan Industri Trailer dan Semi Trailer,https://klasifikasi.web.bps.go.id/app/view/kbli2020/2920
2930,Industri Suku Cadang dan Aksesori Kendaraan Bermotor Roda Empat atau Lebih,https://klasifikasi.web.bps.go.id/app/view/kbli2020/2930
3011,"Industri Pembuatan Kapal, Perahu dan Struktur Bangunan Terapung",https://klasifikasi.web.bps.go.id/app/view/kbli2020/3011
3012,Industri Pembuatan Kapal dan Perahu Untuk Tujuan Wisata atau Rekreasi dan Olahraga,https://klasifikasi.web.bps.go.id/app/view/kbli2020/3012
3020,Industri lokomotif dan gerbong kereta,https://klasifikasi.web.bps.go.id/app/view/kbli2020/3020
3030,Industri Pesawat Terbang dan Perlengkapannya,https://klasifikasi.web.bps.go.id/app/view/kbli2020/3030
3040,Industri Kendaraan Perang,https://klasifikasi.web.bps.go.id/app/view/kbli2020/3040
3091,Industri Sepeda Motor,https://klasifikasi.web.bps.go.id/app/view/kbli2020/3091
3092,Industri Sepeda dan Kursi Roda,https://klasifikasi.web.bps.go.id/app/view/kbli2020/3092
3099,Industri Alat Angkutan Lainnya Ytdl,https://klasifikasi.web.bps.go.id/app/view/kbli2020/3099
3100,Industri Furnitur,https://klasifikasi.web.bps.go.id/app/view/kbli2020/3100
3211,Industri Perhiasan dan Barang Sejenis,https://klasifikasi.web.bps.go.id/app/view/kbli2020/3211
3212,Industri Perhiasan Imitasi dan Barang Sejenis,https://klasifikasi.web.bps.go.id/app/view/kbli2020/3212
3220,Industri Alat Musik,https://klasifikasi.web.bps.go.id/app/view/kbli2020/3220
3230,Industri Alat Olahraga,https://klasifikasi.web.bps.go.id/app/view/kbli2020/3230
3240,Industri Alat Permainan dan Mainan Anak-anak,https://klasifikasi.web.bps.go.id/app/view/kbli2020/3240
3250,Industri Peralatan Kedokteran dan Kedokteran Gigi serta Perlengkapannya,https://klasifikasi.web.bps.go.id/app/view/kbli2020/3250
3290,Industri Pengolahan Lainnya Ytdl,https://klasifikasi.web.bps.go.id/app/view/kbli2020/3290
3311,Reparasi Produk Logam Pabrikasi,https://klasifikasi.web.bps.go.id/app/view/kbli2020/3311
3312,Reparasi Mesin,https://klasifikasi.web.bps.go.id/app/view/kbli2020/3312
3313,Reparasi Peralatan Elektronik dan Optik,https://klasifikasi.web.bps.go.id/app/view/kbli2020/3313
3314,Reparasi Peralatan Listrik,https://klasifikasi.web.bps.go.id/app/view/kbli2020/3314
3315,"Reparasi Alat Angkutan, Bukan Kendaraan Bermotor",https://klasifikasi.web.bps.go.id/app/view/kbli2020/3315
3319,Reparasi Peralatan Lainnya,https://klasifikasi.web.bps.go.id/app/view/kbli2020/3319
3320,Instalasi/Pemasangan Mesin dan Peralatan Industri,https://klasifikasi.web.bps.go.id/app/view/kbli2020/3320
3511,Penyediaan Tenaga Listrik,https://klasifikasi.web.bps.go.id/app/view/kbli2020/3511
3512,Penunjang Tenaga Listrik,https://klasifikasi.web.bps.go.id/app/view/kbli2020/3512
3520,Pengadaan dan Distribusi Gas Alam dan Buatan,https://klasifikasi.web.bps.go.id/app/view/kbli2020/3520
3530,"Pengadaan Uap/Air Panas, Udara Dingin dan Produksi Es",https://klasifikasi.web.bps.go.id/app/view/kbli2020/3530
3600,Treatment Air,https://klasifikasi.web.bps.go.id/app/view/kbli2020/3600
3701,Pengumpulan Air Limbah,https://klasifikasi.web.bps.go.id/app/view/kbli2020/3701
3702,Treatment dan Pembuangan Air Limbah,https://klasifikasi.web.bps.go.id/app/view/kbli2020/3702
3811,Pengumpulan limbah dan sampah tidak berbahaya,https://klasifikasi.web.bps.go.id/app/view/kbli2020/3811
3812,Pengumpulan Limbah Berbahaya,https://klasifikasi.web.bps.go.id/app/view/kbli2020/3812
3821,Treatment dan pembuangan sampah tidak berbahaya,https://klasifikasi.web.bps.go.id/app/view/kbli2020/3821
3822,Treatment dan Pembuangan Limbah Berbahaya,https://klasifikasi.web.bps.go.id/app/view/kbli2020/3822
3830,Pemulihan Material,https://klasifikasi.web.bps.go.id/app/view/kbli2020/3830
3900,Aktivitas Remediasi dan Pengelolaan Limbah dan Sampah Lainnya,https://klasifikasi.web.bps.go.id/app/view/kbli2020/3900
4101,Konstruksi Gedung,https://klasifikasi.web.bps.go.id/app/view/kbli2020/4101
4102,Jasa Pekerjaan Konstruksi Prapabrikasi Bangunan Gedung,https://klasifikasi.web.bps.go.id/app/view/kbli2020/4102
4210,Konstruksi Jalan dan Jalan Rel,https://klasifikasi.web.bps.go.id/app/view/kbli2020/4210
4220,"Konstruksi Jaringan Irigasi, Komunikasi dan Limbah",https://klasifikasi.web.bps.go.id/app/view/kbli2020/4220
4291,Konstruksi bangunan sipil lainnya,https://klasifikasi.web.bps.go.id/app/view/kbli2020/4291
4292,Konstruksi Khusus Bangunan Sipil Lainnya ,https://klasifikasi.web.bps.go.id/app/view/kbli2020/4292
4293,Jasa Pekerjaan Konstruksi Prapabrikasi Bangunan Sipil,https://klasifikasi.web.bps.go.id/app/view/kbli2020/4293
4311,Pembongkaran,https://klasifikasi.web.bps.go.id/app/view/kbli2020/4311
4312,Penyiapan Lahan,https://klasifikasi.web.bps.go.id/app/view/kbli2020/4312
4321,Instalasi Sistem Kelistrikan,https://klasifikasi.web.bps.go.id/app/view/kbli2020/4321
4322,"Instalasi Saluran Air (Plambing), Pemanas dan Pendingin",https://klasifikasi.web.bps.go.id/app/view/kbli2020/4322
4329,Instalasi konstruksi lainnya,https://klasifikasi.web.bps.go.id/app/view/kbli2020/4329
4330,Penyelesaian Konstruksi Bangunan,https://klasifikasi.web.bps.go.id/app/view/kbli2020/4330
4390,Konstruksi Khusus Lainnya,https://klasifikasi.web.bps.go.id/app/view/kbli2020/4390
4510,Perdagangan mobil,https://klasifikasi.web.bps.go.id/app/view/kbli2020/4510
4520,Reparasi dan Perawatan Mobil,https://klasifikasi.web.bps.go.id/app/view/kbli2020/4520
4530,Perdagangan suku cadang dan aksesori mobil,https://klasifikasi.web.bps.go.id/app/view/kbli2020/4530
4540,"Perdagangan, Reparasi dan Perawatan Sepeda Motor dan Perdagangan Suku Cadang dan Aksesorinya",https://klasifikasi.web.bps.go.id/app/view/kbli2020/4540
4610,Perdagangan besar atas dasar balas jasa (fee) atau kontrak,https://klasifikasi.web.bps.go.id/app/view/kbli2020/4610
4620,Perdagangan besar hasil pertanian dan hewan hidup,https://klasifikasi.web.bps.go.id/app/view/kbli2020/4620
4631,Perdagangan besar bahan makanan dan minuman hasil pertanian,https://klasifikasi.web.bps.go.id/app/view/kbli2020/4631
4632,Perdagangan besar bahan makanan dan minuman hasil peternakan dan perikanan,https://klasifikasi.web.bps.go.id/app/view/kbli2020/4632
4633,Perdagangan besar makanan dan minuman lainnya dan Tembakau,https://klasifikasi.web.bps.go.id/app/view/kbli2020/4633
4641,"Perdagangan besar tekstil, pakaian dan alas kaki",https://klasifikasi.web.bps.go.id/app/view/kbli2020/4641
4642,Perdagangan Besar Alat Tulis Dan Hasil Pencetakan Dan Penerbitan,https://klasifikasi.web.bps.go.id/app/view/kbli2020/4642
4643,Perdagangan Besar Alat Fotografi Dan Barang Optik,https://klasifikasi.web.bps.go.id/app/view/kbli2020/4643
4644,"Perdagangan Besar Farmasi, Obat, Dan Kosmetik",https://klasifikasi.web.bps.go.id/app/view/kbli2020/4644
4649,Perdagangan Besar Barang Keperluan Rumah Tangga Lainnya,https://klasifikasi.web.bps.go.id/app/view/kbli2020/4649
4651,"Perdagangan besar komputer, perlengkapan komputer dan piranti lunak",https://klasifikasi.web.bps.go.id/app/view/kbli2020/4651
4652,Perdagangan Besar Suku Cadang Elektronik dan Peralatan  Telekomunikasi dan Bagian-Bagiannya,https://klasifikasi.web.bps.go.id/app/view/kbli2020/4652
4653,"Perdagangan Besar Mesin, Peralatan dan Perlengkapan Pertanian",https://klasifikasi.web.bps.go.id/app/view/kbli2020/4653
4659,"Perdagangan Besar Mesin, Peralatan dan Perlengkapan Lainnya",https://klasifikasi.web.bps.go.id/app/view/kbli2020/4659
4661,"Perdagangan besar bahan bakar padat, cair dan gas dan produk  ybdi",https://klasifikasi.web.bps.go.id/app/view/kbli2020/4661
4662,Perdagangan besar logam dan bijih logam,https://klasifikasi.web.bps.go.id/app/view/kbli2020/4662
4663,Perdagangan Besar Bahan Dan Perlengkapan Bangunan,https://klasifikasi.web.bps.go.id/app/view/kbli2020/4663
4664,"Perdagangan Besar Mineral Bukan Logam, Mineral Radioaktif, Zat Radioaktif Dan Pembangkit Radiasi Pengion",https://klasifikasi.web.bps.go.id/app/view/kbli2020/4664
4665,Perdagangan Besar Bahan Dan Barang Kimia,https://klasifikasi.web.bps.go.id/app/view/kbli2020/4665
4669,Perdagangan Besar Produk Lainnya Termasuk Barang Sisa dan Potongan Ytdl,https://klasifikasi.web.bps.go.id/app/view/kbli2020/4669
4690,Perdagangan besar berbagai macam barang,https://klasifikasi.web.bps.go.id/app/view/kbli2020/4690
4711,"Perdagangan Eceran Yang Utamanya Makanan, Minuman Atau Tembakau di Toko",https://klasifikasi.web.bps.go.id/app/view/kbli2020/4711
4719,Perdagangan Eceran Berbagai Macam Barang Yang Didominasi Oleh Barang Bukan Makanan Dan Tembakau di Toko,https://klasifikasi.web.bps.go.id/app/view/kbli2020/4719
4721,Perdagangan eceran khusus komoditi makanan dari hasil pertanian di toko,https://klasifikasi.web.bps.go.id/app/view/kbli2020/4721
4722,Perdagangan Eceran Khusus Minuman di Toko,https://klasifikasi.web.bps.go.id/app/view/kbli2020/4722
4723,Perdagangan Eceran Khusus Rokok dan Tembakau di Toko,https://klasifikasi.web.bps.go.id/app/view/kbli2020/4723
4724,Perdagangan Eceran Khusus Makanan Hasil Industri di Toko,https://klasifikasi.web.bps.go.id/app/view/kbli2020/4724
4730,Perdagangan Eceran Khusus Bahan Bakar Kendaraan Bermotor,https://klasifikasi.web.bps.go.id/app/view/kbli2020/4730
4741,Perdagangan eceran khusus komputer dan perlengkapannya; piranti lunak dan perlengkapan telekomunikasi di toko,https://klasifikasi.web.bps.go.id/app/view/kbli2020/4741
4742,Perdagangan eceran khusus peralatan audio dan video di toko,https://klasifikasi.web.bps.go.id/app/view/kbli2020/4742
4751,Perdagangan eceran khusus tekstil di toko,https://klasifikasi.web.bps.go.id/app/view/kbli2020/4751
4752,"Perdagangan eceran khusus barang dan bahan bangunan, cat dan kaca di toko",https://klasifikasi.web.bps.go.id/app/view/kbli2020/4752
4753,"Perdagangan eceran khusus karpet, permadani dan penutup dinding dan lantai di toko",https://klasifikasi.web.bps.go.id/app/view/kbli2020/4753
4759,"Perdagangan eceran  khusus furnitur, peralatan listrik rumah tangga, peralatan penerangan dan peralatan rumah tangga lainnya di toko",https://klasifikasi.web.bps.go.id/app/view/kbli2020/4759
4761,Perdagangan eceran khusus alat tulis dan hasil pencetakan dan penerbitan di toko,https://klasifikasi.web.bps.go.id/app/view/kbli2020/4761
4762,Perdagangan eceran khusus rekaman musik dan video di toko,https://klasifikasi.web.bps.go.id/app/view/kbli2020/4762
4763,Perdagangan eceran khusus peralatan olahraga di toko,https://klasifikasi.web.bps.go.id/app/view/kbli2020/4763
4764,Perdagangan eceran khusus alat permainan dan mainan anak-anak di toko,https://klasifikasi.web.bps.go.id/app/view/kbli2020/4764
4765,"Perdagangan Eceran Kertas, Kertas Karton Dan Barang Dari Kertas/Karton",https://klasifikasi.web.bps.go.id/app/view/kbli2020/4765
4771,"Perdagangan eceran khusus pakaian, alas kaki dan barang dari kulit di toko",https://klasifikasi.web.bps.go.id/app/view/kbli2020/4771
4772,"Perdagangan Eceran Khusus Barang Dan Obat Farmasi, Alat Kedokteran, Parfum Dan Kosmetik Di Toko",https://klasifikasi.web.bps.go.id/app/view/kbli2020/4772
4773,Perdagangan eceran khusus barang baru lainnya di toko,https://klasifikasi.web.bps.go.id/app/view/kbli2020/4773
4774,Perdagangan eceran khusus barang bekas di toko,https://klasifikasi.web.bps.go.id/app/view/kbli2020/4774
4775,Perdagangan eceran khusus hewan piaraan dan hewan ternak,https://klasifikasi.web.bps.go.id/app/view/kbli2020/4775
4776,"Perdagangan Eceran Bunga Potong, Tanaman Hias, Pupuk dan YBDI di Toko",https://klasifikasi.web.bps.go.id/app/view/kbli2020/4776
4777,"Perdagangan Eceran Bahan Kimia, Aromatik/Penyegar (Minyak Atsiri), Dan Bahan Bakar Bukan Bahan Bakar Untuk Kendaraan Bermotor Di Toko",https://klasifikasi.web.bps.go.id/app/view/kbli2020/4777
4778,Perdagangan Eceran Barang Kerajinan Dan Lukisan di Toko,https://klasifikasi.web.bps.go.id/app/view/kbli2020/4778
4779,Perdagangan eceran khusus barang lainnya ytdl,https://klasifikasi.web.bps.go.id/app/view/kbli2020/4779
4781,Perdagangan eceran kaki lima dan los pasar komoditi hasil pertanian,https://klasifikasi.web.bps.go.id/app/view/kbli2020/4781
4782,"Perdagangan eceran kaki lima dan los pasar makanan, minuman dan produk tembakau hasil industri pengolahan",https://klasifikasi.web.bps.go.id/app/view/kbli2020/4782
4783,"Perdagangan eceran kaki lima dan los pasar tekstil, pakaian dan alas kaki",https://klasifikasi.web.bps.go.id/app/view/kbli2020/4783
4784,"Perdagangan eceran kaki lima dan los pasar bahan kimia, farmasi, kosmetik dan ybdi",https://klasifikasi.web.bps.go.id/app/view/kbli2020/4784
4785,Perdagangan eceran kaki lima dan los pasar barang pribadi,https://klasifikasi.web.bps.go.id/app/view/kbli2020/4785
4786,Perdagangan eceran kaki lima dan los pasar perlengkapan rumah tangga,https://klasifikasi.web.bps.go.id/app/view/kbli2020/4786
4787,"Perdagangan eceran kaki lima dan los pasar kertas, barang dari kertas, alat tulis, barang cetakan, alat olahraga, alat musik, alat fotografi dan komputer",https://klasifikasi.web.bps.go.id/app/view/kbli2020/4787
4788,"Perdagangan eceran kaki lima dan los pasar barang kerajinan, mainan anak-anak dan lukisan",https://klasifikasi.web.bps.go.id/app/view/kbli2020/4788
4789,Perdagangan eceran kaki lima dan los pasar barang lainnya dan barang bekas,https://klasifikasi.web.bps.go.id/app/view/kbli2020/4789
4791,Perdagangan eceran melalui pemesanan pos atau internet,https://klasifikasi.web.bps.go.id/app/view/kbli2020/4791
4792,Perdagangan Eceran Atas Dasar Balas Jasa (Fee) Atau Kontrak,https://klasifikasi.web.bps.go.id/app/view/kbli2020/4792
4799,"Perdagangan eceran bukan di toko, kios, kaki lima dan los pasar lainnya",https://klasifikasi.web.bps.go.id/app/view/kbli2020/4799
4911,Angkutan Jalan Rel untuk Penumpang,https://klasifikasi.web.bps.go.id/app/view/kbli2020/4911
4912,Angkutan Jalan Rel untuk Barang,https://klasifikasi.web.bps.go.id/app/view/kbli2020/4912
4921,Angkutan Bus Dalam Trayek,https://klasifikasi.web.bps.go.id/app/view/kbli2020/4921
4922,Angkutan bus Tidak Dalam Trayek,https://klasifikasi.web.bps.go.id/app/view/kbli2020/4922
4930,Angkutan Melalui Saluran Pipa,https://klasifikasi.web.bps.go.id/app/view/kbli2020/4930
4941,"Angkutan Darat Bukan Bus untuk Penumpang, Dalam Trayek",https://klasifikasi.web.bps.go.id/app/view/kbli2020/4941
4942,Angkutan Darat Lainnya untuk Penumpang,https://klasifikasi.web.bps.go.id/app/view/kbli2020/4942
4943,Angkutan Darat untuk Barang,https://klasifikasi.web.bps.go.id/app/view/kbli2020/4943
4944,Angkutan Jalan Rel Perkotaan dan Wisata untuk Penumpang,https://klasifikasi.web.bps.go.id/app/view/kbli2020/4944
4945,Angkutan jalan rel lainnya,https://klasifikasi.web.bps.go.id/app/view/kbli2020/4945
5011,Angkutan laut dalam negeri untuk penumpang,https://klasifikasi.web.bps.go.id/app/view/kbli2020/5011
5012,Angkutan Laut Luar Negeri untuk Penumpang,https://klasifikasi.web.bps.go.id/app/view/kbli2020/5012
5013,Angkutan laut dalam negeri untuk barang,https://klasifikasi.web.bps.go.id/app/view/kbli2020/5013
5014,Angkutan laut luar negeri untuk barang,https://klasifikasi.web.bps.go.id/app/view/kbli2020/5014
5021,"Angkutan Sungai, Danau dan Penyeberangan untuk Penumpang",https://klasifikasi.web.bps.go.id/app/view/kbli2020/5021
5022,"Angkutan Sungai, Danau dan Penyeberangan untuk Barang",https://klasifikasi.web.bps.go.id/app/view/kbli2020/5022
5110,Angkutan udara untuk penumpang,https://klasifikasi.web.bps.go.id/app/view/kbli2020/5110
5120,Angkutan Udara untuk Kargo,https://klasifikasi.web.bps.go.id/app/view/kbli2020/5120
5210,Pergudangan dan Penyimpanan,https://klasifikasi.web.bps.go.id/app/view/kbli2020/5210
5221,Aktivitas Penunjang Angkutan Darat,https://klasifikasi.web.bps.go.id/app/view/kbli2020/5221
5222,Aktivitas Penunjang Angkutan Perairan,https://klasifikasi.web.bps.go.id/app/view/kbli2020/5222
5223,Aktivitas Kebandarudaraan dan Jasa Pelayanan Navigasi Penerbangan,https://klasifikasi.web.bps.go.id/app/view/kbli2020/5223
5224,Penanganan Kargo (bongkar muat barang),https://klasifikasi.web.bps.go.id/app/view/kbli2020/5224
5229,Aktivitas Penunjang Angkutan Lainnya,https://klasifikasi.web.bps.go.id/app/view/kbli2020/5229
5310,Aktivitas Pos,https://klasifikasi.web.bps.go.id/app/view/kbli2020/5310
5320,Aktivitas Kurir,https://klasifikasi.web.bps.go.id/app/view/kbli2020/5320
5511,Hotel Bintang,https://klasifikasi.web.bps.go.id/app/view/kbli2020/5511
5512,Hotel Melati,https://klasifikasi.web.bps.go.id/app/view/kbli2020/5512
5513,Pondok Wisata,https://klasifikasi.web.bps.go.id/app/view/kbli2020/5513
5519,Penyediaan Akomodasi jangka pendek lainnya,https://klasifikasi.web.bps.go.id/app/view/kbli2020/5519
5590,Penyediaan akomodasi lainnya,https://klasifikasi.web.bps.go.id/app/view/kbli2020/5590
5610,Restoran dan penyediaan makanan keliling,https://klasifikasi.web.bps.go.id/app/view/kbli2020/5610
5621,Jasa Boga Untuk Suatu Event Tertentu (Event Catering),https://klasifikasi.web.bps.go.id/app/view/kbli2020/5621
5629,Penyediaan Jasa Boga Periode Tertentu,https://klasifikasi.web.bps.go.id/app/view/kbli2020/5629
5630,Penyediaan minuman,https://klasifikasi.web.bps.go.id/app/view/kbli2020/5630
5811,Penerbitan buku,https://klasifikasi.web.bps.go.id/app/view/kbli2020/5811
5812,Penerbitan direktori dan mailing list,https://klasifikasi.web.bps.go.id/app/view/kbli2020/5812
5813,"Penerbitan surat kabar, jurnal dan majalah atau terbitan berkala lainnya",https://klasifikasi.web.bps.go.id/app/view/kbli2020/5813
5819,Aktivitas  penerbitan lainnya,https://klasifikasi.web.bps.go.id/app/view/kbli2020/5819
5820,Penerbitan piranti lunak (Software),https://klasifikasi.web.bps.go.id/app/view/kbli2020/5820
5911,"Aktivitas Produksi Gambar Bergerak, Video Dan Program Televisi",https://klasifikasi.web.bps.go.id/app/view/kbli2020/5911
5912,"Aktivitas Pascaproduksi Film, Video Dan Program Televisi",https://klasifikasi.web.bps.go.id/app/view/kbli2020/5912
5913,"AktivitasDistribusi Gambar Bergerak, Video Dan Program Televisi",https://klasifikasi.web.bps.go.id/app/view/kbli2020/5913
5914,Aktivitas Pemutaran Film,https://klasifikasi.web.bps.go.id/app/view/kbli2020/5914
5920,Aktivitas Perekaman suara dan penerbitan musik,https://klasifikasi.web.bps.go.id/app/view/kbli2020/5920
6010,Penyiaran radio,https://klasifikasi.web.bps.go.id/app/view/kbli2020/6010
6020,Aktivitas Penyiaran Dan Pemrograman Televisi,https://klasifikasi.web.bps.go.id/app/view/kbli2020/6020
6110,Aktivitas Telekomunikasi dengan Kabel,https://klasifikasi.web.bps.go.id/app/view/kbli2020/6110
6120,Aktivitas Telekomunikasi Tanpa Kabel,https://klasifikasi.web.bps.go.id/app/view/kbli2020/6120
6130,Aktivitas Telekomunikasi Satelit,https://klasifikasi.web.bps.go.id/app/view/kbli2020/6130
6191,Jasa Nilai Tambah Teleponi,https://klasifikasi.web.bps.go.id/app/view/kbli2020/6191
6192,Jasa Multimedia,https://klasifikasi.web.bps.go.id/app/view/kbli2020/6192
6199,Aktivitas telekomunikasi Lainnya YTDL,https://klasifikasi.web.bps.go.id/app/view/kbli2020/6199
6201,Aktivitas Pemrograman Komputer,https://klasifikasi.web.bps.go.id/app/view/kbli2020/6201
6202,Aktivitas Konsultasi Komputer dan Manajemen Fasilitas Komputer,https://klasifikasi.web.bps.go.id/app/view/kbli2020/6202
6209,Aktivitas teknologi informasi dan jasa komputer lainnya,https://klasifikasi.web.bps.go.id/app/view/kbli2020/6209
6311,"Aktivitas pengolahan data, hosting dan ybdi",https://klasifikasi.web.bps.go.id/app/view/kbli2020/6311
6312,Portal Web Dan / Atau Platform Digital,https://klasifikasi.web.bps.go.id/app/view/kbli2020/6312
6391,Aktivitas kantor berita,https://klasifikasi.web.bps.go.id/app/view/kbli2020/6391
6399,Aktivitas Jasa Informasi Lainnya ytdl,https://klasifikasi.web.bps.go.id/app/view/kbli2020/6399
6411,Bank Sentral,https://klasifikasi.web.bps.go.id/app/view/kbli2020/6411
6412,Bank Umum,https://klasifikasi.web.bps.go.id/app/view/kbli2020/6412
6413,Bank Perkreditan Rakyat dan Bank Pembiayaan Rakyat Syariah,https://klasifikasi.web.bps.go.id/app/view/kbli2020/6413
6414,Koperasi Simpan Pinjam/Unit Simpan Pinjam,https://klasifikasi.web.bps.go.id/app/view/kbli2020/6414
6415,Lembaga Keuangan Mikro,https://klasifikasi.web.bps.go.id/app/view/kbli2020/6415
6419,Perantara moneter lainnya,https://klasifikasi.web.bps.go.id/app/view/kbli2020/6419
6420,Aktivitas Perusahaan Holding,https://klasifikasi.web.bps.go.id/app/view/kbli2020/6420
6430,"Trust, Pendanaan dan Entitas Keuangan Sejenis",https://klasifikasi.web.bps.go.id/app/view/kbli2020/6430
6440,Otoritas Jasa Keuangan (OJK),https://klasifikasi.web.bps.go.id/app/view/kbli2020/6440
6450,Lembaga Penjamin Simpanan (LPS),https://klasifikasi.web.bps.go.id/app/view/kbli2020/6450
6491,Perusahaan Pembiayaan ,https://klasifikasi.web.bps.go.id/app/view/kbli2020/6491
6492,Pergadaian,https://klasifikasi.web.bps.go.id/app/view/kbli2020/6492
6493,Perusahaan Modal Ventura,https://klasifikasi.web.bps.go.id/app/view/kbli2020/6493
6494,Perusahaan Pembiayaan Infrastruktur,https://klasifikasi.web.bps.go.id/app/view/kbli2020/6494
6495,Layanan Pinjam Meminjam Uang Berbasis Teknologi Informasi (Fintech P2P Lending),https://klasifikasi.web.bps.go.id/app/view/kbli2020/6495
6499,"Aktivitas Jasa Keuangan Lainnya Ytdl, Bukan Asuransi dan Dana Pensiun",https://klasifikasi.web.bps.go.id/app/view/kbli2020/6499
6511,Asuransi Jiwa,https://klasifikasi.web.bps.go.id/app/view/kbli2020/6511
6512,Asuransi Umum,https://klasifikasi.web.bps.go.id/app/view/kbli2020/6512
6513,Perusahaan  Penjaminan,https://klasifikasi.web.bps.go.id/app/view/kbli2020/6513
6521,Reasuransi ,https://klasifikasi.web.bps.go.id/app/view/kbli2020/6521
6522,Perusahaan Penjaminan Ulang,https://klasifikasi.web.bps.go.id/app/view/kbli2020/6522
6531,Dana Pensiun Pemberi Kerja,https://klasifikasi.web.bps.go.id/app/view/kbli2020/6531
6532,Dana Pensiun Lembaga Keuangan,https://klasifikasi.web.bps.go.id/app/view/kbli2020/6532
6611,Penyelenggara Infrastruktur Perdagangan di Pasar Modal,https://klasifikasi.web.bps.go.id/app/view/kbli2020/6611
6612,Penyelenggara Infrastruktur Perdagangan di Pasar Berjangka Komoditi,https://klasifikasi.web.bps.go.id/app/view/kbli2020/6612
6613,Penyelenggara Infrastruktur Pasar Uang dan Pasar Valuta Asing,https://klasifikasi.web.bps.go.id/app/view/kbli2020/6613
6614,Perusahaan Efek Selain Manajemen Investasi,https://klasifikasi.web.bps.go.id/app/view/kbli2020/6614
6615,Perantara Perdagangan Berjangka Komoditi,https://klasifikasi.web.bps.go.id/app/view/kbli2020/6615
6616,Kegiatan Penukaran Valuta Asing (Money Changer),https://klasifikasi.web.bps.go.id/app/view/kbli2020/6616
6617,Aktivitas Penunjang Perdagangan Berjangka Komoditi,https://klasifikasi.web.bps.go.id/app/view/kbli2020/6617
6619,Aktivitas Penunjang Jasa Keuangan Lainnya,https://klasifikasi.web.bps.go.id/app/view/kbli2020/6619
6621,Aktivitas Penilaian Risiko dan Kerugian,https://klasifikasi.web.bps.go.id/app/view/kbli2020/6621
6622,"Aktivitas Agen, Broker, Pialang Asuransi dan Penjaminan",https://klasifikasi.web.bps.go.id/app/view/kbli2020/6622
6629,"Aktivitas Penunjang Lainnya Untuk Asuransi, Penjaminan, dan Dana Pensiun",https://klasifikasi.web.bps.go.id/app/view/kbli2020/6629
6631,Manajemen Investasi,https://klasifikasi.web.bps.go.id/app/view/kbli2020/6631
6632,Penasihat Investasi,https://klasifikasi.web.bps.go.id/app/view/kbli2020/6632
6639,Aktivitas Manajemen Dana Lainnya,https://klasifikasi.web.bps.go.id/app/view/kbli2020/6639
6641,Penyelenggara Sistem Pembayaran ,https://klasifikasi.web.bps.go.id/app/view/kbli2020/6641
6642,Penyelenggara Kegiatan Jasa Pengolahan Uang Rupiah,https://klasifikasi.web.bps.go.id/app/view/kbli2020/6642
6811,Real estat yang dimiliki sendiri atau disewa,https://klasifikasi.web.bps.go.id/app/view/kbli2020/6811
6812,Kawasan Pariwisata,https://klasifikasi.web.bps.go.id/app/view/kbli2020/6812
6813,Kawasan Industri,https://klasifikasi.web.bps.go.id/app/view/kbli2020/6813
6820,Real estat atas dasar balas jasa (fee) atau kontrak,https://klasifikasi.web.bps.go.id/app/view/kbli2020/6820
6910,Aktivitas Hukum,https://klasifikasi.web.bps.go.id/app/view/kbli2020/6910
6920,"Aktivitas akuntansi, pembukuan dan pemeriksa; konsultasi pajak",https://klasifikasi.web.bps.go.id/app/view/kbli2020/6920
7010,Aktivitas Kantor Pusat,https://klasifikasi.web.bps.go.id/app/view/kbli2020/7010
7020,Aktivitas Konsultasi Manajemen,https://klasifikasi.web.bps.go.id/app/view/kbli2020/7020
7110,Aktivitas arsitektur dan keinsinyuran serta konsultasi teknis ybdi,https://klasifikasi.web.bps.go.id/app/view/kbli2020/7110
7120,Analisis dan uji teknis,https://klasifikasi.web.bps.go.id/app/view/kbli2020/7120
7210,Penelitian dan pengembangan ilmu pengetahuan alam dan ilmu teknologi dan rekayasa,https://klasifikasi.web.bps.go.id/app/view/kbli2020/7210
7220,Penelitian dan pengembangan ilmu pengetahuan sosial dan humaniora,https://klasifikasi.web.bps.go.id/app/view/kbli2020/7220
7310,Periklanan,https://klasifikasi.web.bps.go.id/app/view/kbli2020/7310
7320,Penelitian pasar dan jajak pendapat masyarakat,https://klasifikasi.web.bps.go.id/app/view/kbli2020/7320
7411,Aktivitas Desain Industri,https://klasifikasi.web.bps.go.id/app/view/kbli2020/7411
7412,Aktivitas Desain Interior,https://klasifikasi.web.bps.go.id/app/view/kbli2020/7412
7413,Aktivitas Desain Komunikasi Visual/ Desain Grafis,https://klasifikasi.web.bps.go.id/app/view/kbli2020/7413
7414,Aktivitas Desain Konten Kreatif,https://klasifikasi.web.bps.go.id/app/view/kbli2020/7414
7420,Aktivitas fotografi,https://klasifikasi.web.bps.go.id/app/view/kbli2020/7420
7431,Aktivitas Sertifikasi Hasil Pendidikan Dan/Atau Pelatihan Berbasis Kompetensi,https://klasifikasi.web.bps.go.id/app/view/kbli2020/7431
7432,Aktivitas Sertifikasi Profesi/Personel Independen,https://klasifikasi.web.bps.go.id/app/view/kbli2020/7432
7490,"Aktivitas profesional, ilmiah dan teknis lainnya ytdl",https://klasifikasi.web.bps.go.id/app/view/kbli2020/7490
7500,Aktivitas Kesehatan Hewan,https://klasifikasi.web.bps.go.id/app/view/kbli2020/7500
7710,"Aktivitas Penyewaan dan Sewa Guna Usaha Tanpa Hak Opsi Mobil, Bus, Truk Dan Sejenisnya",https://klasifikasi.web.bps.go.id/app/view/kbli2020/7710
7721,Aktivitas penyewaan dan sewa guna usaha tanpa hak opsi alat rekreasi dan olahraga,https://klasifikasi.web.bps.go.id/app/view/kbli2020/7721
7722,"Aktivitas penyewaan kaset video, CD, VCD/DVD Dan Sejenisnya",https://klasifikasi.web.bps.go.id/app/view/kbli2020/7722
7729,Aktivitas penyewaan dan sewa guna usaha tanpa hak opsi barang pribadi dan rumah tangga lain ytdl,https://klasifikasi.web.bps.go.id/app/view/kbli2020/7729
7731,Aktivitas Penyewaan dan Sewa Guna Tanpa Hak Opsi Alat Transportasi,https://klasifikasi.web.bps.go.id/app/view/kbli2020/7731
7732,Aktivitas Penyewaan dan Sewa Guna Tanpa Hak Opsi Mesin dan Peralatan Industri Kreatif,https://klasifikasi.web.bps.go.id/app/view/kbli2020/7732
7739,"Aktivitas Penyewaan dan Sewa Guna Tanpa Hak Opsi Mesin, Peralatan, dan Barang Berwujud Lainnya",https://klasifikasi.web.bps.go.id/app/view/kbli2020/7739
7740,"Sewa guna usaha tanpa hak opsi Intelektual Properti, bukan karya hak cipta",https://klasifikasi.web.bps.go.id/app/view/kbli2020/7740
7810,Aktivitas penempatan tenaga kerja,https://klasifikasi.web.bps.go.id/app/view/kbli2020/7810
7820,Aktivitas penyediaan tenaga kerja waktu tertentu,https://klasifikasi.web.bps.go.id/app/view/kbli2020/7820
7830,Penyediaan sumber daya manusia dan manajemen fungsi sumber daya manusia,https://klasifikasi.web.bps.go.id/app/view/kbli2020/7830
7841,Pelatihan Kerja Pemerintah,https://klasifikasi.web.bps.go.id/app/view/kbli2020/7841
7842,Pelatihan Kerja Swasta,https://klasifikasi.web.bps.go.id/app/view/kbli2020/7842
7843,Pelatihan Kerja Perusahaan,https://klasifikasi.web.bps.go.id/app/view/kbli2020/7843
7911,Aktivitas Agen Perjalanan,https://klasifikasi.web.bps.go.id/app/view/kbli2020/7911
7912,Aktivitas Biro Perjalanan ,https://klasifikasi.web.bps.go.id/app/view/kbli2020/7912
7991,Jasa informasi pariwisata,https://klasifikasi.web.bps.go.id/app/view/kbli2020/7991
7992,Jasa pramuwisata dan interpreter wisata,https://klasifikasi.web.bps.go.id/app/view/kbli2020/7992
7999,Jasa reservasi lainnya ybdi ytdl,https://klasifikasi.web.bps.go.id/app/view/kbli2020/7999
8010,Aktivitas keamanan swasta (pribadi),https://klasifikasi.web.bps.go.id/app/view/kbli2020/8010
8020,Aktivitas Jasa sistem keamanan,https://klasifikasi.web.bps.go.id/app/view/kbli2020/8020
8030,Aktivitas penyelidikan,https://klasifikasi.web.bps.go.id/app/view/kbli2020/8030
8110,Aktivitas Penyedia gabungan jasa penunjang fasilitas,https://klasifikasi.web.bps.go.id/app/view/kbli2020/8110
8121,Aktivitas Kebersihan Umum Bangunan,https://klasifikasi.web.bps.go.id/app/view/kbli2020/8121
8129,Aktivitas Kebersihan Bangunan dan Industri lainnya,https://klasifikasi.web.bps.go.id/app/view/kbli2020/8129
8130,Aktivitas Jasa Perawatan dan Pemeliharaan Taman,https://klasifikasi.web.bps.go.id/app/view/kbli2020/8130
8211,Aktivitas Penyedia Gabungan Jasa Administrasi Kantor,https://klasifikasi.web.bps.go.id/app/view/kbli2020/8211
8219,"Aktivitas Foto Kopi, Penyiapan Dokumen dan Aktivitas Khusus Penunjang Kantor Lainnya",https://klasifikasi.web.bps.go.id/app/view/kbli2020/8219
8220,Aktivitas call centre,https://klasifikasi.web.bps.go.id/app/view/kbli2020/8220
8230,"Jasa Penyelenggara Pertemuan, Perjalanan Insentif, Konvensi, Pameran, dan Jasa Penyelenggara Event Khusus",https://klasifikasi.web.bps.go.id/app/view/kbli2020/8230
8291,Aktivitas Debt Collection Dan Biro Kredit,https://klasifikasi.web.bps.go.id/app/view/kbli2020/8291
8292,Aktivitas Pengepakan,https://klasifikasi.web.bps.go.id/app/view/kbli2020/8292
8299,Aktivitas Jasa Penunjang Usaha Lainnya YTDL,https://klasifikasi.web.bps.go.id/app/view/kbli2020/8299
8411,Kegiatan Administrasi Pemerintahan,https://klasifikasi.web.bps.go.id/app/view/kbli2020/8411
8412,"Administrasi Pelayanan Pemerintah Bidang Kesehatan, Pendidikan, Kebudayaan dan Pelayanan Sosial Lain Bukan Jaminan Sosial",https://klasifikasi.web.bps.go.id/app/view/kbli2020/8412
8413,Kegiatan Lembaga Pemerintahan Untuk Menciptakan Efisiensi Produksi Dan Bisnis,https://klasifikasi.web.bps.go.id/app/view/kbli2020/8413
8421,Hubungan Luar Negeri,https://klasifikasi.web.bps.go.id/app/view/kbli2020/8421
8422,Pertahanan dan Keamanan,https://klasifikasi.web.bps.go.id/app/view/kbli2020/8422
8423,Ketertiban dan Keamanan Masyarakat,https://klasifikasi.web.bps.go.id/app/view/kbli2020/8423
8430,Jaminan Sosial Wajib,https://klasifikasi.web.bps.go.id/app/view/kbli2020/8430
8511,Pendidikan Dasar Pemerintah,https://klasifikasi.web.bps.go.id/app/view/kbli2020/8511
8512,Pendidikan Dasar Swasta,https://klasifikasi.web.bps.go.id/app/view/kbli2020/8512
8513,Pendidikan anak usia dini,https://klasifikasi.web.bps.go.id/app/view/kbli2020/8513
8514,Satuan Pendidikan Kerjasama Pendidikan Anak Usia Dini dan Pendidikan Dasar,https://klasifikasi.web.bps.go.id/app/view/kbli2020/8514
8515,Pendidikan Pesantren dan Pendidikan Keagamaan Islam Anak Usia Dini dan Dasar,https://klasifikasi.web.bps.go.id/app/view/kbli2020/8515
8516,Pendidikan Keagamaan Anak Usia Dini dan Dasar,https://klasifikasi.web.bps.go.id/app/view/kbli2020/8516
8521,Pendidikan Menengah Atas/Aliyah Pemerintah,https://klasifikasi.web.bps.go.id/app/view/kbli2020/8521
8522,Pendidikan Menengah/Aliyah Swasta,https://klasifikasi.web.bps.go.id/app/view/kbli2020/8522
8523,Pendidikan Menengah Kejuruan dan Teknis/Aliyah Kejuruan Pemerintah,https://klasifikasi.web.bps.go.id/app/view/kbli2020/8523
8524,Pendidikan Menengah Kejuruan/Aliyah Kejuruan Swasta,https://klasifikasi.web.bps.go.id/app/view/kbli2020/8524
8525,Satuan Pendidikan Kerjasama Pendidikan Menengah,https://klasifikasi.web.bps.go.id/app/view/kbli2020/8525
8526,Pendidikan Pesantren Menengah,https://klasifikasi.web.bps.go.id/app/view/kbli2020/8526
8527,Pendidikan Keagamaan Menengah,https://klasifikasi.web.bps.go.id/app/view/kbli2020/8527
8531,Pendidikan Tinggi Pemerintah,https://klasifikasi.web.bps.go.id/app/view/kbli2020/8531
8532,Pendidikan Tinggi Swasta,https://klasifikasi.web.bps.go.id/app/view/kbli2020/8532
8533,Pendidikan Tinggi Keagamaan ,https://klasifikasi.web.bps.go.id/app/view/kbli2020/8533
8534,Pendidikan Pesantren Tinggi (Maâ€™had Aly),https://klasifikasi.web.bps.go.id/app/view/kbli2020/8534
8541,Pendidikan Olahraga dan Rekreasi,https://klasifikasi.web.bps.go.id/app/view/kbli2020/8541
8542,Pendidikan Kebudayaan,https://klasifikasi.web.bps.go.id/app/view/kbli2020/8542
8543,Pendidikan Lainnya Pemerintah,https://klasifikasi.web.bps.go.id/app/view/kbli2020/8543
8544,Satuan Pendidikan Kerjasama Pendidikan NonFormal ,https://klasifikasi.web.bps.go.id/app/view/kbli2020/8544
8545,Pendidikan Pesantren dan Pendidikan Keagamaan Lainnya,https://klasifikasi.web.bps.go.id/app/view/kbli2020/8545
8549,Pendidikan Lainnya ytdl,https://klasifikasi.web.bps.go.id/app/view/kbli2020/8549
8550,Kegiatan Penunjang Pendidikan,https://klasifikasi.web.bps.go.id/app/view/kbli2020/8550
8610,Aktivitas Rumah Sakit,https://klasifikasi.web.bps.go.id/app/view/kbli2020/8610
8620,Aktivitas Praktik Dokter dan Dokter Gigi,https://klasifikasi.web.bps.go.id/app/view/kbli2020/8620
8690,Aktivitas pelayanan kesehatan manusia lainnya,https://klasifikasi.web.bps.go.id/app/view/kbli2020/8690
8710,Aktivitas sosial di dalam panti untuk perawatan dan pemulihan kesehatan,https://klasifikasi.web.bps.go.id/app/view/kbli2020/8710
8720,"Aktivitas sosial di dalam panti untuk keterbelakangan mental, gangguan mental dan  penyalahgunaan obat terlarang",https://klasifikasi.web.bps.go.id/app/view/kbli2020/8720
8730,Aktivitas sosial di dalam panti untuk lanjut usia dan penyandang disabilitas,https://klasifikasi.web.bps.go.id/app/view/kbli2020/8730
8790,Aktivitas sosial di dalam panti lainnya ytdl,https://klasifikasi.web.bps.go.id/app/view/kbli2020/8790
8810,Aktivitas Sosial Tanpa Akomodasi Untuk Lanjut Usia Dan Penyandang Disabilitas,https://klasifikasi.web.bps.go.id/app/view/kbli2020/8810
8891,Aktivitas Sosial Pengumpulan Dana,https://klasifikasi.web.bps.go.id/app/view/kbli2020/8891
8899,Aktivitas Sosial Tanpa Akomodasi Lainnya YTDL,https://klasifikasi.web.bps.go.id/app/view/kbli2020/8899
9001,Aktivitas Seni Pertunjukan,https://klasifikasi.web.bps.go.id/app/view/kbli2020/9001
9002,Aktivitas Pekerja Kreatif dan Pekerja Seni,https://klasifikasi.web.bps.go.id/app/view/kbli2020/9002
9003,Aktivitas Impresariat Bidang Seni dan Festival Seni ,https://klasifikasi.web.bps.go.id/app/view/kbli2020/9003
9004,Aktivitas Operasional Fasilitas Seni ,https://klasifikasi.web.bps.go.id/app/view/kbli2020/9004
9009,"Aktivitas Hiburan, Seni dan Kreativitas Lainnya ",https://klasifikasi.web.bps.go.id/app/view/kbli2020/9009
9101,Perpustakaan dan Arsip,https://klasifikasi.web.bps.go.id/app/view/kbli2020/9101
9102,Museum dan Operasional Bangunan dan Situs Bersejarah,https://klasifikasi.web.bps.go.id/app/view/kbli2020/9102
9103,"Aktivitas Kebun Binatang, Taman Botani dan Cadangan Alam",https://klasifikasi.web.bps.go.id/app/view/kbli2020/9103
9200,Aktivitas Perjudian Dan Pertaruhan,https://klasifikasi.web.bps.go.id/app/view/kbli2020/9200
9311,Pengelolaan Fasilitas Olahraga,https://klasifikasi.web.bps.go.id/app/view/kbli2020/9311
9312,Aktivitas Klub Olahraga,https://klasifikasi.web.bps.go.id/app/view/kbli2020/9312
9319,Aktivitas Lainnya Yang Berkaitan Dengan Olahraga,https://klasifikasi.web.bps.go.id/app/view/kbli2020/9319
9321,Aktivitas Taman Bertema atau Taman Hiburan,https://klasifikasi.web.bps.go.id/app/view/kbli2020/9321
9322,Daya tarik wisata alam,https://klasifikasi.web.bps.go.id/app/view/kbli2020/9322
9323,Daya tarik wisata buatan/binaan manusia,https://klasifikasi.web.bps.go.id/app/view/kbli2020/9323
9324,Wisata tirta,https://klasifikasi.web.bps.go.id/app/view/kbli2020/9324
9329,Aktivitas Hiburan dan Rekreasi Lainnya ytdl,https://klasifikasi.web.bps.go.id/app/view/kbli2020/9329
9411,Aktivitas Organisasi Bisnis dan Pengusaha,https://klasifikasi.web.bps.go.id/app/view/kbli2020/9411
9412,Aktivitas Organisasi Profesi,https://klasifikasi.web.bps.go.id/app/view/kbli2020/9412
9420,Aktivitas Organisasi Buruh,https://klasifikasi.web.bps.go.id/app/view/kbli2020/9420
9491,Aktivitas Organisasi Keagamaan,https://klasifikasi.web.bps.go.id/app/view/kbli2020/9491
9492,Aktivitas Organisasi Politik,https://klasifikasi.web.bps.go.id/app/view/kbli2020/9492
9499,Aktivitas Organisasi Keanggotaan Lainnya ytdl,https://klasifikasi.web.bps.go.id/app/view/kbli2020/9499
9511,Reparasi Komputer dan Peralatan Sejenisnya,https://klasifikasi.web.bps.go.id/app/view/kbli2020/9511
9512,Reparasi Peralatan Komunikasi,https://klasifikasi.web.bps.go.id/app/view/kbli2020/9512
9521,Reparasi Alat-alat Elektronik Konsumen,https://klasifikasi.web.bps.go.id/app/view/kbli2020/9521
9522,Reparasi Peralatan Rumah Tangga dan Peralatan Rumah dan Kebun,https://klasifikasi.web.bps.go.id/app/view/kbli2020/9522
9523,Reparasi Alas Kaki dan Barang Dari Kulit,https://klasifikasi.web.bps.go.id/app/view/kbli2020/9523
9524,Reparasi Furnitur dan Perlengkapan Rumah,https://klasifikasi.web.bps.go.id/app/view/kbli2020/9524
9529,Reparasi Barang Keperluan Pribadi Dan Perlengkapan Rumah Tangga Lainnya,https://klasifikasi.web.bps.go.id/app/view/kbli2020/9529
9611,Aktivitas pangkas rambut dan salon kecantikan,https://klasifikasi.web.bps.go.id/app/view/kbli2020/9611
9612,Aktivitas Kebugaran,https://klasifikasi.web.bps.go.id/app/view/kbli2020/9612
9620,Aktivitas penatu,https://klasifikasi.web.bps.go.id/app/view/kbli2020/9620
9691,Aktivitas pemakaman dan kegiatan ybdi,https://klasifikasi.web.bps.go.id/app/view/kbli2020/9691
9699,Aktivitas Jasa perorangan lainnya ytdl,https://klasifikasi.web.bps.go.id/app/view/kbli2020/9699
9700,Aktivitas Rumah Tangga Sebagai Pemberi Kerja Dari Personil Domestik,https://klasifikasi.web.bps.go.id/app/view/kbli2020/9700
9810,Aktivitas yang menghasilkan barang oleh rumah tangga yang digunakan untuk memenuhi kebutuhan sendiri,https://klasifikasi.web.bps.go.id/app/view/kbli2020/9810
9820,Aktivitas yang menghasilkan jasa oleh rumah tangga yang digunakan untuk memenuhi kebutuhan sendiri,https://klasifikasi.web.bps.go.id/app/view/kbli2020/9820
9900,Aktivitas Badan Internasional Dan Badan Ekstra Internasional Lainnya,https://klasifikasi.web.bps.go.id/app/view/kbli2020/9900
